id;first_name;last_name;email;phone;access_code;access_code_expiration_date;last_login;active
1;Shakira;Luettgen;Mayra65@gmail.com;687.998.6367;cassava;2025-03-29T05:09:31;2025-03-28T20:10:34;true
2;Efrain;Farrell;Regan_Murphy91@gmail.com;283.500.3330 x0966;heating rationalize skeleton;2025-03-29T06:30:31;2025-03-29T00:29:07;true
3;Angeline;Goldner;Melvina_Lubowitz52@gmail.com;206.250.2191 x84030;yawn below;2025-03-28T14:41:18;2025-03-28T14:02:40;true
4;Magdalen;Grimes;Cecelia_Nicolas@yahoo.com;662-808-9490 x131;outside;2025-03-28T23:48:09;2025-03-29T05:45:36;false
5;Amara;Ondricka-O'Kon;Novella_Homenick@yahoo.com;344-811-4166 x047;burly drum scarification;2025-03-28T19:41:35;2025-03-29T06:02:45;true
6;Tyshawn;Dickens;Hannah.Mohr@gmail.com;(558) 971-9180 x612;discrete;2025-03-29T04:23:36;2025-03-28T23:27:29;true
7;Estella;Stroman;Angelita.Runte@hotmail.com;791.468.0493;when blindly;2025-03-28T17:44:26;2025-03-29T01:08:28;true
8;Claud;Stehr;Mac4@yahoo.com;(936) 913-7464;longboat;2025-03-28T16:49:43;2025-03-29T02:27:06;true
9;Tianna;Luettgen;Nicola_Rohan39@hotmail.com;(249) 432-1485 x53045;emotional fooey nor;2025-03-28T21:02:08;2025-03-29T03:38:39;true
10;Eleonore;Hane;Amira_Monahan44@yahoo.com;443-998-8186 x91790;cheetah furthermore;2025-03-29T05:16:35;2025-03-28T22:18:33;false
