id;date_added;priority;added_by;alert_enabled
1;2025-08-29T23:40:09;2092;avare en faveur de;true
2;2025-08-30T08:07:51;13520;satisfaire;false
3;2025-08-30T02:18:47;28429;énorme sitôt;false
4;2025-08-30T06:38:06;3270;nier;false
5;2025-08-30T14:23:23;19952;athlète;true
6;2025-08-30T07:57:47;26675;à condition que gens novice;false
7;2025-08-29T21:48:56;22625;tendre atchoum;true
8;2025-08-30T18:34:53;31611;groin groin à l'insu de puisque;false
9;2025-08-30T10:53:24;17303;chier zzzz ouin;false
10;2025-08-30T19:11:34;52;construire;false
